label,group_idx,score_mean,score_min,score_max,mmd_score
GramMMD_sd_vae_L11_g1.0e-04,1,0.172867089509964,0.1629582643508911,0.17566825449466705,6.288209988269955e-07
GramMMD_sd_vae_L11_g1.0e-04,2,0.17650319635868073,0.1757044792175293,0.17719337344169617,9.172872523777187e-06
GramMMD_sd_vae_L11_g1.0e-04,3,0.1775147020816803,0.17720404267311096,0.17793020606040955,2.644019332365133e-06
GramMMD_sd_vae_L11_g1.0e-04,4,0.17830663919448853,0.17807382345199585,0.1786409318447113,7.143149559851736e-06
GramMMD_sd_vae_L11_g1.0e-04,5,0.17907004058361053,0.17871993780136108,0.17929565906524658,5.973127372271847e-06
GramMMD_sd_vae_L11_g1.0e-04,6,0.17953746020793915,0.1793055683374405,0.17978385090827942,-2.3472384782508016e-06
GramMMD_sd_vae_L11_g1.0e-04,7,0.18013596534729004,0.17979085445404053,0.1805412322282791,-8.135157258948311e-08
GramMMD_sd_vae_L11_g1.0e-04,8,0.1807897984981537,0.1805715262889862,0.18101602792739868,-8.693859854247421e-07
GramMMD_sd_vae_L11_g1.0e-04,9,0.18117418885231018,0.18103840947151184,0.18131032586097717,-1.9725976017070934e-06
GramMMD_sd_vae_L11_g1.0e-04,10,0.18164195120334625,0.1813720166683197,0.1818953901529312,5.30672377863084e-06
GramMMD_sd_vae_L11_g1.0e-04,11,0.1820557862520218,0.18189647793769836,0.1822165697813034,4.557662578008603e-06
GramMMD_sd_vae_L11_g1.0e-04,12,0.18240436911582947,0.18222862482070923,0.1825837790966034,-1.0811454558279365e-06
GramMMD_sd_vae_L11_g1.0e-04,13,0.18281880021095276,0.18260197341442108,0.1829656958580017,5.5914824770297855e-06
GramMMD_sd_vae_L11_g1.0e-04,14,0.18307988345623016,0.18298357725143433,0.1831539273262024,5.975686690362636e-06
GramMMD_sd_vae_L11_g1.0e-04,15,0.18326623737812042,0.18317171931266785,0.18337847292423248,-1.5766308933962137e-06
GramMMD_sd_vae_L11_g1.0e-04,16,0.1835552304983139,0.18339528143405914,0.1836899220943451,4.138288204558194e-06
GramMMD_sd_vae_L11_g1.0e-04,17,0.18380802869796753,0.1836986541748047,0.18397411704063416,6.074981683923397e-06
GramMMD_sd_vae_L11_g1.0e-04,18,0.18405012786388397,0.18397949635982513,0.18416497111320496,1.8681990695768036e-05
GramMMD_sd_vae_L11_g1.0e-04,19,0.18426939845085144,0.18417131900787354,0.18436333537101746,-4.035986421513371e-06
GramMMD_sd_vae_L11_g1.0e-04,20,0.1844818890094757,0.1843724548816681,0.18457722663879395,9.130142643698491e-06
GramMMD_sd_vae_L11_g1.0e-04,21,0.18468153476715088,0.1846100389957428,0.18476298451423645,-8.422148312092759e-06
GramMMD_sd_vae_L11_g1.0e-04,22,0.1848553568124771,0.18476682901382446,0.1849561333656311,-2.126567778759636e-06
GramMMD_sd_vae_L11_g1.0e-04,23,0.18509390950202942,0.18496525287628174,0.1851716935634613,2.0165680325590074e-06
GramMMD_sd_vae_L11_g1.0e-04,24,0.18526418507099152,0.18517965078353882,0.18531256914138794,-6.696791388094425e-06
GramMMD_sd_vae_L11_g1.0e-04,25,0.18548054993152618,0.1853778064250946,0.1855689287185669,-9.91659180726856e-06
GramMMD_sd_vae_L11_g1.0e-04,26,0.18565647304058075,0.18560045957565308,0.18572932481765747,2.4438313630525954e-06
GramMMD_sd_vae_L11_g1.0e-04,27,0.1858339160680771,0.18573212623596191,0.1859220564365387,5.4213123803492635e-06
GramMMD_sd_vae_L11_g1.0e-04,28,0.18604551255702972,0.18593847751617432,0.18615488708019257,5.326155587681569e-07
GramMMD_sd_vae_L11_g1.0e-04,29,0.18624171614646912,0.18616387248039246,0.1862986981868744,-7.110038495738991e-07
GramMMD_sd_vae_L11_g1.0e-04,30,0.18641285598278046,0.1862991601228714,0.18652185797691345,2.4236678655142896e-06
GramMMD_sd_vae_L11_g1.0e-04,31,0.18665581941604614,0.1865229606628418,0.18676680326461792,-1.6786834748927504e-06
GramMMD_sd_vae_L11_g1.0e-04,32,0.18686047196388245,0.1867677867412567,0.18695446848869324,-1.0448460670886561e-05
GramMMD_sd_vae_L11_g1.0e-04,33,0.18702445924282074,0.18695688247680664,0.18711432814598083,2.6315328796044923e-06
GramMMD_sd_vae_L11_g1.0e-04,34,0.18719962239265442,0.18711671233177185,0.1873028427362442,-2.5425306375836954e-06
GramMMD_sd_vae_L11_g1.0e-04,35,0.187395378947258,0.18731242418289185,0.18745070695877075,-8.633083780296147e-06
GramMMD_sd_vae_L11_g1.0e-04,36,0.18752458691596985,0.18745264410972595,0.18758907914161682,1.4697907317895442e-06
GramMMD_sd_vae_L11_g1.0e-04,37,0.18767185509204865,0.18759070336818695,0.18776658177375793,-2.3076790967024863e-06
GramMMD_sd_vae_L11_g1.0e-04,38,0.1878761649131775,0.1877768635749817,0.18795818090438843,1.9064413208980113e-05
GramMMD_sd_vae_L11_g1.0e-04,39,0.18802842497825623,0.1879633665084839,0.18809758126735687,2.390394001849927e-06
GramMMD_sd_vae_L11_g1.0e-04,40,0.18815483152866364,0.18810036778450012,0.18822063505649567,2.5222179829142988e-06
GramMMD_sd_vae_L11_g1.0e-04,41,0.18831667304039001,0.18823456764221191,0.18839764595031738,1.9653225535876118e-06
GramMMD_sd_vae_L11_g1.0e-04,42,0.18847502768039703,0.18840573728084564,0.18854765594005585,3.6541187000693753e-06
GramMMD_sd_vae_L11_g1.0e-04,43,0.1886262446641922,0.1885480433702469,0.18870799243450165,-1.1924434147658758e-05
GramMMD_sd_vae_L11_g1.0e-04,44,0.18878479301929474,0.18871377408504486,0.1888708919286728,-4.080631697434001e-06
GramMMD_sd_vae_L11_g1.0e-04,45,0.18892806768417358,0.18887323141098022,0.18898169696331024,-6.733853297191672e-06
GramMMD_sd_vae_L11_g1.0e-04,46,0.18904954195022583,0.18898269534111023,0.1891060471534729,1.430163138138596e-06
GramMMD_sd_vae_L11_g1.0e-04,47,0.18918582797050476,0.1891084909439087,0.18925991654396057,-2.7978094294667244e-06
GramMMD_sd_vae_L11_g1.0e-04,48,0.18932804465293884,0.1892746090888977,0.18941450119018555,-2.588572897366248e-06
GramMMD_sd_vae_L11_g1.0e-04,49,0.18948984146118164,0.18942806124687195,0.18956530094146729,-5.657206202158704e-06
GramMMD_sd_vae_L11_g1.0e-04,50,0.18964704871177673,0.18957054615020752,0.18970221281051636,-6.94050504534971e-06
GramMMD_sd_vae_L11_g1.0e-04,51,0.18977466225624084,0.1897060126066208,0.1898575872182846,-8.301954039779957e-06
GramMMD_sd_vae_L11_g1.0e-04,52,0.18994934856891632,0.189860999584198,0.19003495573997498,-7.1765352913644165e-06
GramMMD_sd_vae_L11_g1.0e-04,53,0.1900860071182251,0.19003768265247345,0.19014690816402435,-7.0199675974436104e-06
GramMMD_sd_vae_L11_g1.0e-04,54,0.1902056187391281,0.19014739990234375,0.1902749240398407,1.2178097676951438e-06
GramMMD_sd_vae_L11_g1.0e-04,55,0.1903408020734787,0.19027535617351532,0.19040551781654358,-7.083703167154454e-06
GramMMD_sd_vae_L11_g1.0e-04,56,0.1904875785112381,0.1904071718454361,0.19057680666446686,9.463956303079613e-07
GramMMD_sd_vae_L11_g1.0e-04,57,0.19063565135002136,0.19059473276138306,0.1906985640525818,-1.0301089787390083e-05
GramMMD_sd_vae_L11_g1.0e-04,58,0.19077996909618378,0.19070273637771606,0.19086122512817383,-3.436623956076801e-06
GramMMD_sd_vae_L11_g1.0e-04,59,0.1909356415271759,0.19087351858615875,0.19101205468177795,-3.525548891047947e-06
GramMMD_sd_vae_L11_g1.0e-04,60,0.19109320640563965,0.19101271033287048,0.19116544723510742,-8.535987944924273e-06
GramMMD_sd_vae_L11_g1.0e-04,61,0.19121089577674866,0.19117245078086853,0.1912657916545868,-2.6807538233697414e-06
GramMMD_sd_vae_L11_g1.0e-04,62,0.1913292109966278,0.1912863552570343,0.19139152765274048,-8.030317985685542e-06
GramMMD_sd_vae_L11_g1.0e-04,63,0.19147203862667084,0.1913938671350479,0.191524475812912,-7.528524292865768e-06
GramMMD_sd_vae_L11_g1.0e-04,64,0.1916065216064453,0.19153590500354767,0.19165503978729248,-3.0346791390911676e-06
GramMMD_sd_vae_L11_g1.0e-04,65,0.1917031705379486,0.1916552484035492,0.19174662232398987,2.6844099920708686e-07
GramMMD_sd_vae_L11_g1.0e-04,66,0.19180169701576233,0.19174924492835999,0.19185775518417358,-2.641463652253151e-07
GramMMD_sd_vae_L11_g1.0e-04,67,0.19195018708705902,0.1918790638446808,0.19206275045871735,-2.306265741935931e-06
GramMMD_sd_vae_L11_g1.0e-04,68,0.19215819239616394,0.19206635653972626,0.19223666191101074,4.895261554338504e-06
GramMMD_sd_vae_L11_g1.0e-04,69,0.19232437014579773,0.19224584102630615,0.19242537021636963,9.403136573382653e-06
GramMMD_sd_vae_L11_g1.0e-04,70,0.1925085484981537,0.19245150685310364,0.19256475567817688,-8.837909263093024e-06
GramMMD_sd_vae_L11_g1.0e-04,71,0.1926155984401703,0.19256916642189026,0.19270484149456024,-9.59450062509859e-06
GramMMD_sd_vae_L11_g1.0e-04,72,0.1927555501461029,0.19270679354667664,0.19281993806362152,-6.673845746263396e-06
GramMMD_sd_vae_L11_g1.0e-04,73,0.19288842380046844,0.19282227754592896,0.19297164678573608,-4.027120667160489e-06
GramMMD_sd_vae_L11_g1.0e-04,74,0.1930348128080368,0.19297263026237488,0.19309762120246887,1.2507061910582706e-06
GramMMD_sd_vae_L11_g1.0e-04,75,0.19316382706165314,0.19310012459754944,0.19322164356708527,-1.5306488421629183e-05
GramMMD_sd_vae_L11_g1.0e-04,76,0.19331523776054382,0.193226620554924,0.19340449571609497,-5.854271876160055e-06
GramMMD_sd_vae_L11_g1.0e-04,77,0.19346389174461365,0.19341424107551575,0.19350574910640717,-1.6534886526642367e-06
GramMMD_sd_vae_L11_g1.0e-04,78,0.19362415373325348,0.19350580871105194,0.19370871782302856,-4.294384780223481e-06
GramMMD_sd_vae_L11_g1.0e-04,79,0.1937796175479889,0.19371019303798676,0.19384634494781494,5.257652446744032e-06
GramMMD_sd_vae_L11_g1.0e-04,80,0.1939135193824768,0.19385221600532532,0.19398975372314453,-5.492360287462361e-06
GramMMD_sd_vae_L11_g1.0e-04,81,0.1941225379705429,0.1939934939146042,0.19426651298999786,5.133695594849996e-06
GramMMD_sd_vae_L11_g1.0e-04,82,0.19439378380775452,0.19429996609687805,0.19448639452457428,1.205004082294181e-06
GramMMD_sd_vae_L11_g1.0e-04,83,0.19459500908851624,0.19449672102928162,0.19469788670539856,3.5978710002382286e-06
GramMMD_sd_vae_L11_g1.0e-04,84,0.19481079280376434,0.19471758604049683,0.1948624551296234,-7.220591214718297e-06
GramMMD_sd_vae_L11_g1.0e-04,85,0.1949787437915802,0.1948750615119934,0.19508525729179382,-2.4055279936874285e-06
GramMMD_sd_vae_L11_g1.0e-04,86,0.19521041214466095,0.19510915875434875,0.19534647464752197,1.0788553481688723e-06
GramMMD_sd_vae_L11_g1.0e-04,87,0.1954299658536911,0.19535942375659943,0.19551366567611694,-9.601135388948023e-07
GramMMD_sd_vae_L11_g1.0e-04,88,0.1956443339586258,0.195532888174057,0.19575545191764832,4.6695222408743575e-05
GramMMD_sd_vae_L11_g1.0e-04,89,0.19587966799736023,0.19576866924762726,0.19598183035850525,-1.221682396135293e-05
GramMMD_sd_vae_L11_g1.0e-04,90,0.1961134672164917,0.1959902048110962,0.19625099003314972,-5.7410852605244145e-06
GramMMD_sd_vae_L11_g1.0e-04,91,0.19635725021362305,0.19625356793403625,0.1964535117149353,-1.9044018699787557e-06
GramMMD_sd_vae_L11_g1.0e-04,92,0.19671981036663055,0.196511909365654,0.19691361486911774,-1.599868483026512e-06
GramMMD_sd_vae_L11_g1.0e-04,93,0.19709548354148865,0.19691483676433563,0.19727204740047455,-1.8730570445768535e-06
GramMMD_sd_vae_L11_g1.0e-04,94,0.19749030470848083,0.19730205833911896,0.1976386457681656,1.4842516975477338e-06
GramMMD_sd_vae_L11_g1.0e-04,95,0.19788873195648193,0.19768276810646057,0.19812405109405518,3.963003109674901e-06
GramMMD_sd_vae_L11_g1.0e-04,96,0.19833876192569733,0.19819431006908417,0.19845528900623322,1.1249855560890865e-05
GramMMD_sd_vae_L11_g1.0e-04,97,0.19872407615184784,0.19848491251468658,0.19900192320346832,-3.6941382859367877e-06
GramMMD_sd_vae_L11_g1.0e-04,98,0.19934961199760437,0.19903133809566498,0.19970130920410156,1.0327940799470525e-05
GramMMD_sd_vae_L11_g1.0e-04,99,0.20026247203350067,0.19973143935203552,0.20101699233055115,2.1185542209423147e-06
GramMMD_sd_vae_L11_g1.0e-04,100,0.20303809642791748,0.20108258724212646,0.20860573649406433,6.103620762587525e-06
GramMMD_dinov2_vitb14_L3_g1.0e-06,1,0.172867089509964,0.1629582643508911,0.17566825449466705,0.014501214027404785
GramMMD_dinov2_vitb14_L3_g1.0e-06,2,0.17650319635868073,0.1757044792175293,0.17719337344169617,0.0036524534225463867
GramMMD_dinov2_vitb14_L3_g1.0e-06,3,0.1775147020816803,0.17720404267311096,0.17793020606040955,0.0029952526092529297
GramMMD_dinov2_vitb14_L3_g1.0e-06,4,0.17830663919448853,0.17807382345199585,0.1786409318447113,0.010738611221313477
GramMMD_dinov2_vitb14_L3_g1.0e-06,5,0.17907004058361053,0.17871993780136108,0.17929565906524658,0.0036391019821166992
GramMMD_dinov2_vitb14_L3_g1.0e-06,6,0.17953746020793915,0.1793055683374405,0.17978385090827942,0.009957194328308105
GramMMD_dinov2_vitb14_L3_g1.0e-06,7,0.18013596534729004,0.17979085445404053,0.1805412322282791,0.001742243766784668
GramMMD_dinov2_vitb14_L3_g1.0e-06,8,0.1807897984981537,0.1805715262889862,0.18101602792739868,0.004603981971740723
GramMMD_dinov2_vitb14_L3_g1.0e-06,9,0.18117418885231018,0.18103840947151184,0.18131032586097717,-7.271766662597656e-06
GramMMD_dinov2_vitb14_L3_g1.0e-06,10,0.18164195120334625,0.1813720166683197,0.1818953901529312,0.007917165756225586
GramMMD_dinov2_vitb14_L3_g1.0e-06,11,0.1820557862520218,0.18189647793769836,0.1822165697813034,0.002689361572265625
GramMMD_dinov2_vitb14_L3_g1.0e-06,12,0.18240436911582947,0.18222862482070923,0.1825837790966034,0.0051670074462890625
GramMMD_dinov2_vitb14_L3_g1.0e-06,13,0.18281880021095276,0.18260197341442108,0.1829656958580017,-0.00011134147644042969
GramMMD_dinov2_vitb14_L3_g1.0e-06,14,0.18307988345623016,0.18298357725143433,0.1831539273262024,0.005857944488525391
GramMMD_dinov2_vitb14_L3_g1.0e-06,15,0.18326623737812042,0.18317171931266785,0.18337847292423248,0.005129337310791016
GramMMD_dinov2_vitb14_L3_g1.0e-06,16,0.1835552304983139,0.18339528143405914,0.1836899220943451,0.008368611335754395
GramMMD_dinov2_vitb14_L3_g1.0e-06,17,0.18380802869796753,0.1836986541748047,0.18397411704063416,-3.457069396972656e-05
GramMMD_dinov2_vitb14_L3_g1.0e-06,18,0.18405012786388397,0.18397949635982513,0.18416497111320496,0.0022804737091064453
GramMMD_dinov2_vitb14_L3_g1.0e-06,19,0.18426939845085144,0.18417131900787354,0.18436333537101746,-0.0023262500762939453
GramMMD_dinov2_vitb14_L3_g1.0e-06,20,0.1844818890094757,0.1843724548816681,0.18457722663879395,0.0072318315505981445
GramMMD_dinov2_vitb14_L3_g1.0e-06,21,0.18468153476715088,0.1846100389957428,0.18476298451423645,0.0037690401077270508
GramMMD_dinov2_vitb14_L3_g1.0e-06,22,0.1848553568124771,0.18476682901382446,0.1849561333656311,0.0026302337646484375
GramMMD_dinov2_vitb14_L3_g1.0e-06,23,0.18509390950202942,0.18496525287628174,0.1851716935634613,-0.0019453763961791992
GramMMD_dinov2_vitb14_L3_g1.0e-06,24,0.18526418507099152,0.18517965078353882,0.18531256914138794,-0.0011858940124511719
GramMMD_dinov2_vitb14_L3_g1.0e-06,25,0.18548054993152618,0.1853778064250946,0.1855689287185669,0.0006940364837646484
GramMMD_dinov2_vitb14_L3_g1.0e-06,26,0.18565647304058075,0.18560045957565308,0.18572932481765747,-0.0020170211791992188
GramMMD_dinov2_vitb14_L3_g1.0e-06,27,0.1858339160680771,0.18573212623596191,0.1859220564365387,0.002886533737182617
GramMMD_dinov2_vitb14_L3_g1.0e-06,28,0.18604551255702972,0.18593847751617432,0.18615488708019257,0.003785371780395508
GramMMD_dinov2_vitb14_L3_g1.0e-06,29,0.18624171614646912,0.18616387248039246,0.1862986981868744,-0.0018006563186645508
GramMMD_dinov2_vitb14_L3_g1.0e-06,30,0.18641285598278046,0.1862991601228714,0.18652185797691345,-0.0025663375854492188
GramMMD_dinov2_vitb14_L3_g1.0e-06,31,0.18665581941604614,0.1865229606628418,0.18676680326461792,0.011268973350524902
GramMMD_dinov2_vitb14_L3_g1.0e-06,32,0.18686047196388245,0.1867677867412567,0.18695446848869324,-0.0045888423919677734
GramMMD_dinov2_vitb14_L3_g1.0e-06,33,0.18702445924282074,0.18695688247680664,0.18711432814598083,0.0041201114654541016
GramMMD_dinov2_vitb14_L3_g1.0e-06,34,0.18719962239265442,0.18711671233177185,0.1873028427362442,0.0028076171875
GramMMD_dinov2_vitb14_L3_g1.0e-06,35,0.187395378947258,0.18731242418289185,0.18745070695877075,-0.0011606216430664062
GramMMD_dinov2_vitb14_L3_g1.0e-06,36,0.18752458691596985,0.18745264410972595,0.18758907914161682,-0.004650473594665527
GramMMD_dinov2_vitb14_L3_g1.0e-06,37,0.18767185509204865,0.18759070336818695,0.18776658177375793,-0.0025665760040283203
GramMMD_dinov2_vitb14_L3_g1.0e-06,38,0.1878761649131775,0.1877768635749817,0.18795818090438843,-0.005202054977416992
GramMMD_dinov2_vitb14_L3_g1.0e-06,39,0.18802842497825623,0.1879633665084839,0.18809758126735687,-0.001100778579711914
GramMMD_dinov2_vitb14_L3_g1.0e-06,40,0.18815483152866364,0.18810036778450012,0.18822063505649567,-0.0001456737518310547
GramMMD_dinov2_vitb14_L3_g1.0e-06,41,0.18831667304039001,0.18823456764221191,0.18839764595031738,-0.00038230419158935547
GramMMD_dinov2_vitb14_L3_g1.0e-06,42,0.18847502768039703,0.18840573728084564,0.18854765594005585,-0.002141714096069336
GramMMD_dinov2_vitb14_L3_g1.0e-06,43,0.1886262446641922,0.1885480433702469,0.18870799243450165,-0.002765059471130371
GramMMD_dinov2_vitb14_L3_g1.0e-06,44,0.18878479301929474,0.18871377408504486,0.1888708919286728,-0.0022051334381103516
GramMMD_dinov2_vitb14_L3_g1.0e-06,45,0.18892806768417358,0.18887323141098022,0.18898169696331024,0.0007456541061401367
GramMMD_dinov2_vitb14_L3_g1.0e-06,46,0.18904954195022583,0.18898269534111023,0.1891060471534729,-0.004308581352233887
GramMMD_dinov2_vitb14_L3_g1.0e-06,47,0.18918582797050476,0.1891084909439087,0.18925991654396057,0.0038677453994750977
GramMMD_dinov2_vitb14_L3_g1.0e-06,48,0.18932804465293884,0.1892746090888977,0.18941450119018555,-0.00496828556060791
GramMMD_dinov2_vitb14_L3_g1.0e-06,49,0.18948984146118164,0.18942806124687195,0.18956530094146729,-0.0006564855575561523
GramMMD_dinov2_vitb14_L3_g1.0e-06,50,0.18964704871177673,0.18957054615020752,0.18970221281051636,0.009936094284057617
GramMMD_dinov2_vitb14_L3_g1.0e-06,51,0.18977466225624084,0.1897060126066208,0.1898575872182846,0.0025038719177246094
GramMMD_dinov2_vitb14_L3_g1.0e-06,52,0.18994934856891632,0.189860999584198,0.19003495573997498,-0.0036563873291015625
GramMMD_dinov2_vitb14_L3_g1.0e-06,53,0.1900860071182251,0.19003768265247345,0.19014690816402435,0.005323886871337891
GramMMD_dinov2_vitb14_L3_g1.0e-06,54,0.1902056187391281,0.19014739990234375,0.1902749240398407,0.0021892786026000977
GramMMD_dinov2_vitb14_L3_g1.0e-06,55,0.1903408020734787,0.19027535617351532,0.19040551781654358,-0.0010503530502319336
GramMMD_dinov2_vitb14_L3_g1.0e-06,56,0.1904875785112381,0.1904071718454361,0.19057680666446686,0.0008887052536010742
GramMMD_dinov2_vitb14_L3_g1.0e-06,57,0.19063565135002136,0.19059473276138306,0.1906985640525818,0.002818584442138672
GramMMD_dinov2_vitb14_L3_g1.0e-06,58,0.19077996909618378,0.19070273637771606,0.19086122512817383,-0.00017011165618896484
GramMMD_dinov2_vitb14_L3_g1.0e-06,59,0.1909356415271759,0.19087351858615875,0.19101205468177795,-0.0029234886169433594
GramMMD_dinov2_vitb14_L3_g1.0e-06,60,0.19109320640563965,0.19101271033287048,0.19116544723510742,-0.00020003318786621094
GramMMD_dinov2_vitb14_L3_g1.0e-06,61,0.19121089577674866,0.19117245078086853,0.1912657916545868,0.004058241844177246
GramMMD_dinov2_vitb14_L3_g1.0e-06,62,0.1913292109966278,0.1912863552570343,0.19139152765274048,0.0025452375411987305
GramMMD_dinov2_vitb14_L3_g1.0e-06,63,0.19147203862667084,0.1913938671350479,0.191524475812912,-0.00031757354736328125
GramMMD_dinov2_vitb14_L3_g1.0e-06,64,0.1916065216064453,0.19153590500354767,0.19165503978729248,0.0019202232360839844
GramMMD_dinov2_vitb14_L3_g1.0e-06,65,0.1917031705379486,0.1916552484035492,0.19174662232398987,0.003742694854736328
GramMMD_dinov2_vitb14_L3_g1.0e-06,66,0.19180169701576233,0.19174924492835999,0.19185775518417358,-0.0008391141891479492
GramMMD_dinov2_vitb14_L3_g1.0e-06,67,0.19195018708705902,0.1918790638446808,0.19206275045871735,0.0017243623733520508
GramMMD_dinov2_vitb14_L3_g1.0e-06,68,0.19215819239616394,0.19206635653972626,0.19223666191101074,0.011428356170654297
GramMMD_dinov2_vitb14_L3_g1.0e-06,69,0.19232437014579773,0.19224584102630615,0.19242537021636963,-0.0005793571472167969
GramMMD_dinov2_vitb14_L3_g1.0e-06,70,0.1925085484981537,0.19245150685310364,0.19256475567817688,-0.0020890235900878906
GramMMD_dinov2_vitb14_L3_g1.0e-06,71,0.1926155984401703,0.19256916642189026,0.19270484149456024,-0.002721548080444336
GramMMD_dinov2_vitb14_L3_g1.0e-06,72,0.1927555501461029,0.19270679354667664,0.19281993806362152,0.0018864870071411133
GramMMD_dinov2_vitb14_L3_g1.0e-06,73,0.19288842380046844,0.19282227754592896,0.19297164678573608,-0.0008932352066040039
GramMMD_dinov2_vitb14_L3_g1.0e-06,74,0.1930348128080368,0.19297263026237488,0.19309762120246887,-0.00038826465606689453
GramMMD_dinov2_vitb14_L3_g1.0e-06,75,0.19316382706165314,0.19310012459754944,0.19322164356708527,0.0024487972259521484
GramMMD_dinov2_vitb14_L3_g1.0e-06,76,0.19331523776054382,0.193226620554924,0.19340449571609497,0.00034487247467041016
GramMMD_dinov2_vitb14_L3_g1.0e-06,77,0.19346389174461365,0.19341424107551575,0.19350574910640717,0.01347959041595459
GramMMD_dinov2_vitb14_L3_g1.0e-06,78,0.19362415373325348,0.19350580871105194,0.19370871782302856,0.0005630254745483398
GramMMD_dinov2_vitb14_L3_g1.0e-06,79,0.1937796175479889,0.19371019303798676,0.19384634494781494,-0.0018308162689208984
GramMMD_dinov2_vitb14_L3_g1.0e-06,80,0.1939135193824768,0.19385221600532532,0.19398975372314453,0.0043593645095825195
GramMMD_dinov2_vitb14_L3_g1.0e-06,81,0.1941225379705429,0.1939934939146042,0.19426651298999786,-0.0008552074432373047
GramMMD_dinov2_vitb14_L3_g1.0e-06,82,0.19439378380775452,0.19429996609687805,0.19448639452457428,-0.0004074573516845703
GramMMD_dinov2_vitb14_L3_g1.0e-06,83,0.19459500908851624,0.19449672102928162,0.19469788670539856,-0.002613663673400879
GramMMD_dinov2_vitb14_L3_g1.0e-06,84,0.19481079280376434,0.19471758604049683,0.1948624551296234,0.008215546607971191
GramMMD_dinov2_vitb14_L3_g1.0e-06,85,0.1949787437915802,0.1948750615119934,0.19508525729179382,0.00846397876739502
GramMMD_dinov2_vitb14_L3_g1.0e-06,86,0.19521041214466095,0.19510915875434875,0.19534647464752197,0.011073470115661621
GramMMD_dinov2_vitb14_L3_g1.0e-06,87,0.1954299658536911,0.19535942375659943,0.19551366567611694,-0.0002454519271850586
GramMMD_dinov2_vitb14_L3_g1.0e-06,88,0.1956443339586258,0.195532888174057,0.19575545191764832,0.0011315345764160156
GramMMD_dinov2_vitb14_L3_g1.0e-06,89,0.19587966799736023,0.19576866924762726,0.19598183035850525,0.009693503379821777
GramMMD_dinov2_vitb14_L3_g1.0e-06,90,0.1961134672164917,0.1959902048110962,0.19625099003314972,0.002935171127319336
GramMMD_dinov2_vitb14_L3_g1.0e-06,91,0.19635725021362305,0.19625356793403625,0.1964535117149353,0.007288932800292969
GramMMD_dinov2_vitb14_L3_g1.0e-06,92,0.19671981036663055,0.196511909365654,0.19691361486911774,7.033348083496094e-06
GramMMD_dinov2_vitb14_L3_g1.0e-06,93,0.19709548354148865,0.19691483676433563,0.19727204740047455,0.00012755393981933594
GramMMD_dinov2_vitb14_L3_g1.0e-06,94,0.19749030470848083,0.19730205833911896,0.1976386457681656,0.007443666458129883
GramMMD_dinov2_vitb14_L3_g1.0e-06,95,0.19788873195648193,0.19768276810646057,0.19812405109405518,0.007451772689819336
GramMMD_dinov2_vitb14_L3_g1.0e-06,96,0.19833876192569733,0.19819431006908417,0.19845528900623322,0.002907395362854004
GramMMD_dinov2_vitb14_L3_g1.0e-06,97,0.19872407615184784,0.19848491251468658,0.19900192320346832,0.005202889442443848
GramMMD_dinov2_vitb14_L3_g1.0e-06,98,0.19934961199760437,0.19903133809566498,0.19970130920410156,0.00984346866607666
GramMMD_dinov2_vitb14_L3_g1.0e-06,99,0.20026247203350067,0.19973143935203552,0.20101699233055115,0.012072086334228516
GramMMD_dinov2_vitb14_L3_g1.0e-06,100,0.20303809642791748,0.20108258724212646,0.20860573649406433,0.005734682083129883
CMMD_CLIP-ViT-L14-336,1,0.172867089509964,0.1629582643508911,0.17566825449466705,0.01926201581954956
CMMD_CLIP-ViT-L14-336,2,0.17650319635868073,0.1757044792175293,0.17719337344169617,0.02383655309677124
CMMD_CLIP-ViT-L14-336,3,0.1775147020816803,0.17720404267311096,0.17793020606040955,0.017450183629989624
CMMD_CLIP-ViT-L14-336,4,0.17830663919448853,0.17807382345199585,0.1786409318447113,0.013455986976623535
CMMD_CLIP-ViT-L14-336,5,0.17907004058361053,0.17871993780136108,0.17929565906524658,0.01561039686203003
CMMD_CLIP-ViT-L14-336,6,0.17953746020793915,0.1793055683374405,0.17978385090827942,0.008904635906219482
CMMD_CLIP-ViT-L14-336,7,0.18013596534729004,0.17979085445404053,0.1805412322282791,0.0114765465259552
CMMD_CLIP-ViT-L14-336,8,0.1807897984981537,0.1805715262889862,0.18101602792739868,0.005282938480377197
CMMD_CLIP-ViT-L14-336,9,0.18117418885231018,0.18103840947151184,0.18131032586097717,0.006114453077316284
CMMD_CLIP-ViT-L14-336,10,0.18164195120334625,0.1813720166683197,0.1818953901529312,0.00971221923828125
CMMD_CLIP-ViT-L14-336,11,0.1820557862520218,0.18189647793769836,0.1822165697813034,0.009008586406707764
CMMD_CLIP-ViT-L14-336,12,0.18240436911582947,0.18222862482070923,0.1825837790966034,0.009952276945114136
CMMD_CLIP-ViT-L14-336,13,0.18281880021095276,0.18260197341442108,0.1829656958580017,0.011572331190109253
CMMD_CLIP-ViT-L14-336,14,0.18307988345623016,0.18298357725143433,0.1831539273262024,0.007117778062820435
CMMD_CLIP-ViT-L14-336,15,0.18326623737812042,0.18317171931266785,0.18337847292423248,0.004276782274246216
CMMD_CLIP-ViT-L14-336,16,0.1835552304983139,0.18339528143405914,0.1836899220943451,0.008118361234664917
CMMD_CLIP-ViT-L14-336,17,0.18380802869796753,0.1836986541748047,0.18397411704063416,0.0033434927463531494
CMMD_CLIP-ViT-L14-336,18,0.18405012786388397,0.18397949635982513,0.18416497111320496,0.0010226964950561523
CMMD_CLIP-ViT-L14-336,19,0.18426939845085144,0.18417131900787354,0.18436333537101746,0.006481081247329712
CMMD_CLIP-ViT-L14-336,20,0.1844818890094757,0.1843724548816681,0.18457722663879395,0.011735856533050537
CMMD_CLIP-ViT-L14-336,21,0.18468153476715088,0.1846100389957428,0.18476298451423645,0.002572298049926758
CMMD_CLIP-ViT-L14-336,22,0.1848553568124771,0.18476682901382446,0.1849561333656311,0.010433793067932129
CMMD_CLIP-ViT-L14-336,23,0.18509390950202942,0.18496525287628174,0.1851716935634613,0.0027579963207244873
CMMD_CLIP-ViT-L14-336,24,0.18526418507099152,0.18517965078353882,0.18531256914138794,-0.0013040006160736084
CMMD_CLIP-ViT-L14-336,25,0.18548054993152618,0.1853778064250946,0.1855689287185669,0.005031108856201172
CMMD_CLIP-ViT-L14-336,26,0.18565647304058075,0.18560045957565308,0.18572932481765747,0.004492044448852539
CMMD_CLIP-ViT-L14-336,27,0.1858339160680771,0.18573212623596191,0.1859220564365387,-9.119510650634766e-06
CMMD_CLIP-ViT-L14-336,28,0.18604551255702972,0.18593847751617432,0.18615488708019257,0.0006924271583557129
CMMD_CLIP-ViT-L14-336,29,0.18624171614646912,0.18616387248039246,0.1862986981868744,0.0007133185863494873
CMMD_CLIP-ViT-L14-336,30,0.18641285598278046,0.1862991601228714,0.18652185797691345,-0.0011099576950073242
CMMD_CLIP-ViT-L14-336,31,0.18665581941604614,0.1865229606628418,0.18676680326461792,0.0010661780834197998
CMMD_CLIP-ViT-L14-336,32,0.18686047196388245,0.1867677867412567,0.18695446848869324,-0.0013384819030761719
CMMD_CLIP-ViT-L14-336,33,0.18702445924282074,0.18695688247680664,0.18711432814598083,0.003060579299926758
CMMD_CLIP-ViT-L14-336,34,0.18719962239265442,0.18711671233177185,0.1873028427362442,0.00021597743034362793
CMMD_CLIP-ViT-L14-336,35,0.187395378947258,0.18731242418289185,0.18745070695877075,-0.0015828907489776611
CMMD_CLIP-ViT-L14-336,36,0.18752458691596985,0.18745264410972595,0.18758907914161682,-0.0009132623672485352
CMMD_CLIP-ViT-L14-336,37,0.18767185509204865,0.18759070336818695,0.18776658177375793,-0.0031479597091674805
CMMD_CLIP-ViT-L14-336,38,0.1878761649131775,0.1877768635749817,0.18795818090438843,-0.0016526579856872559
CMMD_CLIP-ViT-L14-336,39,0.18802842497825623,0.1879633665084839,0.18809758126735687,0.0019379854202270508
CMMD_CLIP-ViT-L14-336,40,0.18815483152866364,0.18810036778450012,0.18822063505649567,-0.003722935914993286
CMMD_CLIP-ViT-L14-336,41,0.18831667304039001,0.18823456764221191,0.18839764595031738,0.0001920461654663086
CMMD_CLIP-ViT-L14-336,42,0.18847502768039703,0.18840573728084564,0.18854765594005585,-0.002428799867630005
CMMD_CLIP-ViT-L14-336,43,0.1886262446641922,0.1885480433702469,0.18870799243450165,0.0021202564239501953
CMMD_CLIP-ViT-L14-336,44,0.18878479301929474,0.18871377408504486,0.1888708919286728,-0.0007879137992858887
CMMD_CLIP-ViT-L14-336,45,0.18892806768417358,0.18887323141098022,0.18898169696331024,-0.0012546181678771973
CMMD_CLIP-ViT-L14-336,46,0.18904954195022583,0.18898269534111023,0.1891060471534729,-0.002847015857696533
CMMD_CLIP-ViT-L14-336,47,0.18918582797050476,0.1891084909439087,0.18925991654396057,0.001791238784790039
CMMD_CLIP-ViT-L14-336,48,0.18932804465293884,0.1892746090888977,0.18941450119018555,0.0031485557556152344
CMMD_CLIP-ViT-L14-336,49,0.18948984146118164,0.18942806124687195,0.18956530094146729,-0.0009781122207641602
CMMD_CLIP-ViT-L14-336,50,0.18964704871177673,0.18957054615020752,0.18970221281051636,-0.002784520387649536
CMMD_CLIP-ViT-L14-336,51,0.18977466225624084,0.1897060126066208,0.1898575872182846,0.0036242306232452393
CMMD_CLIP-ViT-L14-336,52,0.18994934856891632,0.189860999584198,0.19003495573997498,-0.0002930164337158203
CMMD_CLIP-ViT-L14-336,53,0.1900860071182251,0.19003768265247345,0.19014690816402435,0.003773927688598633
CMMD_CLIP-ViT-L14-336,54,0.1902056187391281,0.19014739990234375,0.1902749240398407,0.0023813843727111816
CMMD_CLIP-ViT-L14-336,55,0.1903408020734787,0.19027535617351532,0.19040551781654358,-0.0002531707286834717
CMMD_CLIP-ViT-L14-336,56,0.1904875785112381,0.1904071718454361,0.19057680666446686,0.0010380446910858154
CMMD_CLIP-ViT-L14-336,57,0.19063565135002136,0.19059473276138306,0.1906985640525818,-0.0015714466571807861
CMMD_CLIP-ViT-L14-336,58,0.19077996909618378,0.19070273637771606,0.19086122512817383,0.0014058351516723633
CMMD_CLIP-ViT-L14-336,59,0.1909356415271759,0.19087351858615875,0.19101205468177795,-0.0002338886260986328
CMMD_CLIP-ViT-L14-336,60,0.19109320640563965,0.19101271033287048,0.19116544723510742,0.005523741245269775
CMMD_CLIP-ViT-L14-336,61,0.19121089577674866,0.19117245078086853,0.1912657916545868,0.006690233945846558
CMMD_CLIP-ViT-L14-336,62,0.1913292109966278,0.1912863552570343,0.19139152765274048,0.00202825665473938
CMMD_CLIP-ViT-L14-336,63,0.19147203862667084,0.1913938671350479,0.191524475812912,0.007423758506774902
CMMD_CLIP-ViT-L14-336,64,0.1916065216064453,0.19153590500354767,0.19165503978729248,-0.0024786293506622314
CMMD_CLIP-ViT-L14-336,65,0.1917031705379486,0.1916552484035492,0.19174662232398987,0.0005925893783569336
CMMD_CLIP-ViT-L14-336,66,0.19180169701576233,0.19174924492835999,0.19185775518417358,0.002155005931854248
CMMD_CLIP-ViT-L14-336,67,0.19195018708705902,0.1918790638446808,0.19206275045871735,0.00288507342338562
CMMD_CLIP-ViT-L14-336,68,0.19215819239616394,0.19206635653972626,0.19223666191101074,0.004762321710586548
CMMD_CLIP-ViT-L14-336,69,0.19232437014579773,0.19224584102630615,0.19242537021636963,-0.0015270411968231201
CMMD_CLIP-ViT-L14-336,70,0.1925085484981537,0.19245150685310364,0.19256475567817688,0.006245911121368408
CMMD_CLIP-ViT-L14-336,71,0.1926155984401703,0.19256916642189026,0.19270484149456024,0.0008917748928070068
CMMD_CLIP-ViT-L14-336,72,0.1927555501461029,0.19270679354667664,0.19281993806362152,-0.0019247233867645264
CMMD_CLIP-ViT-L14-336,73,0.19288842380046844,0.19282227754592896,0.19297164678573608,0.0004087090492248535
CMMD_CLIP-ViT-L14-336,74,0.1930348128080368,0.19297263026237488,0.19309762120246887,0.0006802380084991455
CMMD_CLIP-ViT-L14-336,75,0.19316382706165314,0.19310012459754944,0.19322164356708527,0.003059953451156616
CMMD_CLIP-ViT-L14-336,76,0.19331523776054382,0.193226620554924,0.19340449571609497,-0.002724766731262207
CMMD_CLIP-ViT-L14-336,77,0.19346389174461365,0.19341424107551575,0.19350574910640717,0.009158819913864136
CMMD_CLIP-ViT-L14-336,78,0.19362415373325348,0.19350580871105194,0.19370871782302856,0.00031635165214538574
CMMD_CLIP-ViT-L14-336,79,0.1937796175479889,0.19371019303798676,0.19384634494781494,-0.0009447038173675537
CMMD_CLIP-ViT-L14-336,80,0.1939135193824768,0.19385221600532532,0.19398975372314453,0.0035879313945770264
CMMD_CLIP-ViT-L14-336,81,0.1941225379705429,0.1939934939146042,0.19426651298999786,-0.003107726573944092
CMMD_CLIP-ViT-L14-336,82,0.19439378380775452,0.19429996609687805,0.19448639452457428,0.0033138394355773926
CMMD_CLIP-ViT-L14-336,83,0.19459500908851624,0.19449672102928162,0.19469788670539856,0.005308985710144043
CMMD_CLIP-ViT-L14-336,84,0.19481079280376434,0.19471758604049683,0.1948624551296234,0.022452831268310547
CMMD_CLIP-ViT-L14-336,85,0.1949787437915802,0.1948750615119934,0.19508525729179382,0.0045371949672698975
CMMD_CLIP-ViT-L14-336,86,0.19521041214466095,0.19510915875434875,0.19534647464752197,0.0054243505001068115
CMMD_CLIP-ViT-L14-336,87,0.1954299658536911,0.19535942375659943,0.19551366567611694,0.002323329448699951
CMMD_CLIP-ViT-L14-336,88,0.1956443339586258,0.195532888174057,0.19575545191764832,-0.0007685720920562744
CMMD_CLIP-ViT-L14-336,89,0.19587966799736023,0.19576866924762726,0.19598183035850525,0.008292555809020996
CMMD_CLIP-ViT-L14-336,90,0.1961134672164917,0.1959902048110962,0.19625099003314972,0.0027538537979125977
CMMD_CLIP-ViT-L14-336,91,0.19635725021362305,0.19625356793403625,0.1964535117149353,0.007821142673492432
CMMD_CLIP-ViT-L14-336,92,0.19671981036663055,0.196511909365654,0.19691361486911774,0.009370267391204834
CMMD_CLIP-ViT-L14-336,93,0.19709548354148865,0.19691483676433563,0.19727204740047455,0.008144170045852661
CMMD_CLIP-ViT-L14-336,94,0.19749030470848083,0.19730205833911896,0.1976386457681656,0.00759965181350708
CMMD_CLIP-ViT-L14-336,95,0.19788873195648193,0.19768276810646057,0.19812405109405518,0.010594367980957031
CMMD_CLIP-ViT-L14-336,96,0.19833876192569733,0.19819431006908417,0.19845528900623322,0.008159935474395752
CMMD_CLIP-ViT-L14-336,97,0.19872407615184784,0.19848491251468658,0.19900192320346832,0.020786941051483154
CMMD_CLIP-ViT-L14-336,98,0.19934961199760437,0.19903133809566498,0.19970130920410156,0.015868663787841797
CMMD_CLIP-ViT-L14-336,99,0.20026247203350067,0.19973143935203552,0.20101699233055115,0.01462489366531372
CMMD_CLIP-ViT-L14-336,100,0.20303809642791748,0.20108258724212646,0.20860573649406433,0.017917722463607788
