rank,dist_type,level,mean_dmos,mmd2,spearman_rho,spearman_p,kendall_tau,kendall_p,strict_mono
0,1,1,4.612222,-0.00373900,0.484707,1.0167e-08,0.354581,4.5100e-09,0.5081
1,3,1,4.604074,-0.00947058,,,,,
2,18,3,4.602963,0.17777205,,,,,
3,17,1,4.600370,-0.00996733,,,,,
4,8,1,4.579753,0.00056279,,,,,
5,9,1,4.553086,-0.01015484,,,,,
6,17,2,4.527531,-0.00525999,,,,,
7,18,2,4.518765,0.01992798,,,,,
8,16,1,4.505679,-0.00937533,,,,,
9,4,1,4.495062,0.09879720,,,,,
10,12,1,4.468395,-0.01124609,,,,,
11,19,1,4.419383,-0.00523043,,,,,
12,14,1,4.404444,-0.00976431,,,,,
13,1,2,4.381728,0.06683266,,,,,
14,18,4,4.369506,0.41827285,,,,,
15,10,1,4.338025,-0.00828934,,,,,
16,20,1,4.333333,-0.00280750,,,,,
17,25,3,4.290123,0.21394622,,,,,
18,16,2,4.287531,-0.00570583,,,,,
19,10,2,4.245556,0.01616883,,,,,
20,17,3,4.230864,-0.00859761,,,,,
21,5,1,4.226667,0.01704681,,,,,
22,18,1,4.218025,-0.01043773,,,,,
23,9,2,4.204691,-0.00929606,,,,,
24,22,1,4.168519,0.01039696,,,,,
25,25,4,4.141481,0.31428719,,,,,
26,6,1,4.108148,0.06562006,,,,,
27,3,2,4.095185,0.00535882,,,,,
28,19,2,4.086420,0.03079939,,,,,
29,6,2,3.973333,0.20172459,,,,,
30,20,2,3.937901,0.06654215,,,,,
31,22,2,3.933457,0.05656123,,,,,
32,18,5,3.903333,0.56431055,,,,,
33,11,1,3.893210,-0.00963652,,,,,
34,21,1,3.889136,0.04576361,,,,,
35,9,3,3.873333,-0.00320685,,,,,
36,10,3,3.865802,0.13167024,,,,,
37,2,1,3.862469,0.00548148,,,,,
38,25,2,3.858395,0.13715184,,,,,
39,20,3,3.772593,0.20056748,,,,,
40,6,3,3.718642,0.44879192,,,,,
41,22,3,3.685926,0.13458669,,,,,
42,12,2,3.682469,-0.00055933,,,,,
43,15,1,3.667654,-0.00076723,,,,,
44,16,3,3.632346,0.01179242,,,,,
45,13,1,3.583827,0.00524318,,,,,
46,14,2,3.581481,-0.00838423,,,,,
47,24,1,3.579012,-0.01039636,,,,,
48,17,4,3.534938,-0.00451303,,,,,
49,20,4,3.464444,0.28910959,,,,,
50,25,1,3.419383,0.03813493,,,,,
51,11,2,3.390370,-0.00737309,,,,,
52,22,4,3.372840,0.24565172,,,,,
53,8,2,3.330494,0.03568292,,,,,
54,25,5,3.323827,0.35542291,,,,,
55,20,5,3.261235,0.35209203,,,,,
56,19,3,3.235185,0.11818397,,,,,
57,6,4,3.202840,0.61676598,,,,,
58,12,3,3.170000,0.02822137,,,,,
59,21,2,3.098272,0.27592254,,,,,
60,14,3,3.084198,-0.00011241,,,,,
61,11,3,3.045062,0.00288188,,,,,
62,13,2,2.930370,0.02261591,,,,,
63,1,3,2.911111,0.20317304,,,,,
64,21,3,2.899753,0.49054754,,,,,
65,3,3,2.847901,0.04879177,,,,,
66,22,5,2.799012,0.38055313,,,,,
67,21,4,2.794321,0.64807487,,,,,
68,7,1,2.746296,0.03884625,,,,,
69,15,2,2.727160,0.03730309,,,,,
70,11,4,2.709630,0.03707600,,,,,
71,16,4,2.700864,0.04891145,,,,,
72,12,4,2.687160,0.05486846,,,,,
73,23,1,2.687037,-0.00813842,,,,,
74,2,2,2.653580,0.09566545,,,,,
75,8,3,2.648395,0.12115026,,,,,
76,14,4,2.639383,0.02698278,,,,,
77,24,2,2.635926,-0.01035619,,,,,
78,13,3,2.612593,0.04680669,,,,,
79,4,2,2.601975,0.19540107,,,,,
80,5,2,2.545432,0.08402228,,,,,
81,9,4,2.444815,0.00470591,,,,,
82,6,5,2.424938,0.72585309,,,,,
83,12,5,2.379877,0.07742023,,,,,
84,23,2,2.359012,0.00038803,,,,,
85,7,2,2.334568,0.15664065,,,,,
86,13,4,2.312346,0.06928575,,,,,
87,11,5,2.300741,0.12870717,,,,,
88,23,3,2.299506,0.02599812,,,,,
89,7,3,2.261975,0.34521073,,,,,
90,7,4,2.243457,0.58255744,,,,,
91,17,5,2.220988,0.01454616,,,,,
92,15,3,2.202716,0.09963071,,,,,
93,3,4,2.175062,0.11698663,,,,,
94,24,3,2.136420,-0.01037133,,,,,
95,13,5,2.131852,0.09365332,,,,,
96,23,4,2.126173,0.09203875,,,,,
97,14,5,2.117284,0.16279781,,,,,
98,23,5,2.035185,0.17865264,,,,,
99,7,5,2.027407,0.79889250,,,,,
100,10,4,1.945432,0.34519523,,,,,
101,5,3,1.916296,0.21068001,,,,,
102,1,4,1.872963,0.35822904,,,,,
103,5,5,1.863827,0.73302275,,,,,
104,5,4,1.853704,0.42184436,,,,,
105,19,4,1.848519,0.28143305,,,,,
106,8,4,1.815556,0.23367465,,,,,
107,16,5,1.809259,0.12580335,,,,,
108,4,3,1.755926,0.36089015,,,,,
109,2,3,1.755802,0.21749794,,,,,
110,3,5,1.667901,0.20307553,,,,,
111,15,4,1.654938,0.12428999,,,,,
112,24,4,1.613333,-0.01035154,,,,,
113,4,4,1.605185,0.48161829,,,,,
114,8,5,1.524938,0.34268582,,,,,
115,21,5,1.495679,0.72772300,,,,,
116,15,5,1.466543,0.17107379,,,,,
117,2,4,1.441852,0.33654058,,,,,
118,4,5,1.393827,0.57164359,,,,,
119,9,5,1.393827,0.01950324,,,,,
120,10,5,1.350247,0.41047823,,,,,
121,19,5,1.338642,0.43454045,,,,,
122,24,5,1.335926,-0.01046038,,,,,
123,1,5,1.302716,0.50143689,,,,,
124,2,5,1.299136,0.43438655,,,,,
